id,first_name,last_name,mobile,email
1,Mick,Smith,7895123456,Mick.Smith@email.com
2,Joe,Jones,7789456789,Joe.Jones@email.com
3,Theresa,Williams,7678901234,Theresa.Williams@email.com
4,Nick,Brown,7567890123,Nick.Brown@email.com
5,Greg,Johnson,7456789012,Greg.Johnson@email.com
6,Dude,Davis,7345678901,Dude.Davis@email.com
7,Sarah,Miller,7234567890,Sarah.Miller@email.com
8,David,Wilson,7123456789,David.Wilson@email.com
9,Mary,Moore,7012345678,Mary.Moore@email.com
10,John,Taylor,7987654321,John.Taylor@email.com
11,Peter,Anderson,7786543210,Peter.Anderson@email.com
12,Michael,Thomas,7685432101,Michael.Thomas@email.com
13,Emily,Jackson,7584321012,Emily.Jackson@email.com
14,Tom,White,7483210123,Tom.White@email.com
15,Anna,Harris,7382101234,Anna.Harris@email.com
16,James,Martin,7281012345,James.Martin@email.com
17,Rebecca,Thompson,7180012346,Rebecca.Thompson@email.com
18,William,Garcia,7322323381,William.Garcia@email.com
19,Elizabeth,Green,7302748224,Elizabeth.Green@email.com
20,Daniel,Carter,7283173067,Daniel.Carter@email.com
21,Hannah,Lewis,7263597909,Hannah.Lewis@email.com
22,Charles,Walker,7244022752,Charles.Walker@email.com
23,Susan,Hall,7224447594,Susan.Hall@email.com
24,Nick,Young,7204872437,Nick.Young@email.com
25,Emily,Clark,7185297280,Emily.Clark@email.com
26,Anna,Wilson,7165722122,Anna.Wilson@email.com
27,Tom,Morris,7146146965,Tom.Morris@email.com